wavelength_nm,transmission_pct
400.0,91.4003
401.0,91.643
402.0,91.8857
403.0,92.5242
404.0,92.5
405.0,92.1641
406.0,91.9234
407.0,92.3305
408.0,93.075
409.0,93.7404
410.0,94.2135
411.0,94.4945
412.0,94.8062
413.0,95.1034
414.0,95.3036
415.0,95.5039
416.0,95.625
417.0,95.625
418.0,95.625
419.0,95.625
420.0,95.625
421.0,95.5862
422.0,95.3859
423.0,95.1857
424.0,94.9854
425.0,94.7917
426.0,94.7917
427.0,94.7917
428.0,94.9823
429.0,95.1826
430.0,95.3828
431.0,95.4167
432.0,95.575
433.0,95.625
434.0,95.7672
435.0,95.8333
436.0,95.8333
437.0,95.9513
438.0,96.0417
439.0,96.1435
440.0,96.25
441.0,96.25
442.0,96.25
443.0,96.1805
444.0,96.0417
445.0,96.0417
446.0,96.0417
447.0,96.0417
448.0,96.0125
449.0,95.8333
450.0,95.8203
451.0,95.625
452.0,95.625
453.0,95.625
454.0,95.625
455.0,95.806
456.0,95.8333
457.0,95.9982
458.0,96.1984
459.0,96.25
460.0,96.3906
461.0,96.4583
462.0,96.4583
463.0,96.4583
464.0,96.4583
465.0,96.4583
466.0,96.4583
467.0,96.3742
468.0,96.25
469.0,96.182
470.0,95.9818
471.0,95.8333
472.0,95.7896
473.0,95.625
474.0,95.625
475.0,95.6445
476.0,95.8448
477.0,96.0451
478.0,96.2453
479.0,96.4456
480.0,96.4583
481.0,96.6378
482.0,96.6667
483.0,96.6667
484.0,96.6667
485.0,96.6667
486.0,96.6667
487.0,96.5357
488.0,96.4583
489.0,96.3435
490.0,96.1432
491.0,95.943
492.0,95.7427
493.0,95.4599
494.0,95.1339
495.0,94.9336
496.0,94.7917
497.0,94.7414
498.0,94.5833
499.0,94.5833
500.0,94.5833
501.0,94.5833
502.0,94.5932
503.0,94.7917
504.0,94.7917
505.0,94.7917
506.0,94.6057
507.0,94.5833
508.0,94.4135
509.0,94.2133
510.0,94.013
511.0,93.6672
512.0,93.2667
513.0,92.7367
514.0,92.1359
515.0,91.5352
516.0,90.9344
517.0,90.3336
518.0,89.9109
519.0,89.8727
520.0,90.1458
521.0,90.5464
522.0,91.0036
523.0,91.6044
524.0,92.1646
525.0,92.5651
526.0,92.9656
527.0,93.3497
528.0,93.55
529.0,93.75
530.0,93.75
531.0,93.9424
532.0,94.1427
533.0,94.343
534.0,94.7115
535.0,94.9518
536.0,95.3042
537.0,95.5607
538.0,95.7609
539.0,95.9612
540.0,96.0417
541.0,96.1534
542.0,96.25
543.0,96.25
544.0,96.1625
545.0,96.0417
546.0,95.9703
547.0,95.7701
548.0,95.625
549.0,95.625
550.0,95.6641
551.0,95.8333
552.0,95.8562
553.0,96.0565
554.0,96.25
555.0,96.25
556.0,96.449
557.0,96.4583
558.0,96.4583
559.0,96.4583
560.0,96.4583
561.0,96.2997
562.0,96.25
563.0,96.25
564.0,96.25
565.0,96.25
566.0,96.25
567.0,96.3602
568.0,96.5604
569.0,96.6667
570.0,96.7526
571.0,96.875
572.0,96.9448
573.0,97.0833
574.0,97.0833
575.0,97.0833
576.0,97.0833
577.0,97.0833
578.0,97.062
579.0,96.875
580.0,96.875
581.0,96.875
582.0,96.875
583.0,96.875
584.0,97.0562
585.0,97.0833
586.0,97.0833
587.0,97.0833
588.0,97.2323
589.0,97.2917
590.0,97.2917
591.0,97.1669
592.0,97.0833
593.0,97.0833
594.0,97.0833
595.0,97.0833
596.0,97.0833
597.0,97.0833
598.0,97.0833
599.0,97.0833
600.0,97.0833
601.0,97.0833
602.0,97.0833
603.0,97.0833
604.0,97.1031
605.0,97.2917
606.0,97.2917
607.0,97.2917
608.0,97.2917
609.0,97.2917
610.0,97.2917
611.0,97.2917
612.0,97.2917
613.0,97.2917
614.0,97.2917
615.0,97.2917
616.0,97.4229
617.0,97.5
618.0,97.5
619.0,97.393
620.0,97.2917
621.0,97.2917
622.0,97.2917
623.0,97.2169
624.0,97.0833
625.0,97.0833
626.0,97.0833
627.0,97.0833
628.0,97.0833
629.0,97.057
630.0,96.875
631.0,96.8648
632.0,96.6667
633.0,96.6667
634.0,96.2781
635.0,95.8776
636.0,95.299
637.0,94.6982
638.0,93.7734
639.0,92.4643
640.0,91.0625
641.0,89.3852
642.0,86.9344
643.0,84.374
644.0,81.8573
645.0,79.1484
646.0,76.3448
647.0,73.4518
648.0,70.1229
649.0,66.6107
650.0,63.5417
651.0,60.3375
652.0,57.1333
653.0,53.9701
654.0,50.8021
655.0,46.9453
656.0,44.1417
657.0,41.3294
658.0,38.3245
659.0,34.9201
660.0,31.7083
661.0,27.7656
662.0,24.6432
663.0,21.9763
664.0,19.3729
665.0,17.0742
666.0,15.1599
667.0,13.0852
668.0,11.3948
669.0,10.113
670.0,9.0234
671.0,8.0221
672.0,7.2125
673.0,6.524
674.0,5.8026
675.0,5.2734
676.0,4.8729
677.0,4.5279
678.0,4.3276
679.0,4.088
680.0,3.7188
681.0,3.5185
682.0,3.3182
683.0,3.118
684.0,2.9177
685.0,2.9167
686.0,2.7255
687.0,2.5253
688.0,2.325
689.0,2.1247
690.0,2.0833
691.0,1.9326
692.0,1.7323
693.0,1.532
694.0,1.4583
695.0,1.3398
696.0,1.25
697.0,1.25
698.0,1.1557
699.0,1.0417
700.0,1.0417
701.0,1.0417
702.0,0.9797
703.0,0.8333
704.0,0.8333
705.0,0.8333
706.0,0.8333
707.0,0.8333
708.0,0.8333
709.0,0.8333
710.0,0.8333
711.0,0.8333
712.0,0.8333
713.0,0.8333
714.0,0.8333
715.0,0.8333
716.0,0.8333
717.0,0.8333
718.0,0.8333
719.0,0.8333
720.0,0.8333
721.0,0.8333
722.0,0.8333
723.0,0.7326
724.0,0.625
725.0,0.625
726.0,0.625
727.0,0.625
728.0,0.625
729.0,0.625
730.0,0.625
731.0,0.625
732.0,0.625
733.0,0.625
734.0,0.625
735.0,0.625
736.0,0.625
737.0,0.625
738.0,0.625
739.0,0.625
740.0,0.625
741.0,0.625
742.0,0.625
743.0,0.625
744.0,0.625
745.0,0.625
746.0,0.625
747.0,0.625
748.0,0.625
749.0,0.625
750.0,0.625
751.0,0.625
752.0,0.625
753.0,0.625
754.0,0.625
755.0,0.625
756.0,0.625
757.0,0.625
758.0,0.625
759.0,0.625
760.0,0.625
761.0,0.625
762.0,0.625
763.0,0.625
764.0,0.625
765.0,0.625
766.0,0.625
767.0,0.625
768.0,0.625
769.0,0.625
770.0,0.625
771.0,0.625
772.0,0.625
773.0,0.625
774.0,0.625
775.0,0.625
776.0,0.625
777.0,0.625
778.0,0.625
779.0,0.625
780.0,0.625
781.0,0.625
782.0,0.625
783.0,0.625
784.0,0.625
785.0,0.625
786.0,0.625
787.0,0.625
788.0,0.625
789.0,0.625
790.0,0.625
791.0,0.625
792.0,0.625
793.0,0.625
794.0,0.625
795.0,0.625
796.0,0.625
797.0,0.625
798.0,0.625
799.0,0.625
800.0,0.625
801.0,0.625
802.0,0.625
803.0,0.625
804.0,0.625
805.0,0.625
806.0,0.625
807.0,0.625
808.0,0.625
809.0,0.625
810.0,0.625
811.0,0.625
812.0,0.625
813.0,0.625
814.0,0.625
815.0,0.625
816.0,0.625
817.0,0.8003
818.0,0.8333
819.0,0.8333
820.0,0.8333
821.0,0.8333
822.0,0.8333
823.0,0.8333
824.0,0.8333
825.0,0.8333
826.0,0.8333
827.0,0.8333
828.0,0.7469
829.0,0.625
830.0,0.625
831.0,0.625
832.0,0.625
833.0,0.625
834.0,0.625
835.0,0.625
836.0,0.625
837.0,0.625
838.0,0.625
839.0,0.625
840.0,0.625
841.0,0.625
842.0,0.625
843.0,0.625
844.0,0.625
845.0,0.625
846.0,0.625
847.0,0.625
848.0,0.625
849.0,0.7503
850.0,0.8333
851.0,0.8333
852.0,0.8333
853.0,0.9263
854.0,1.0417
855.0,1.0417
856.0,1.1104
857.0,1.25
858.0,1.3026
859.0,1.4583
860.0,1.4583
861.0,1.4583
862.0,1.4786
863.0,1.6667
864.0,1.6667
865.0,1.6667
866.0,1.6667
867.0,1.6667
868.0,1.6667
869.0,1.6667
870.0,1.6667
871.0,1.6667
872.0,1.6667
873.0,1.5268
874.0,1.4583
875.0,1.4583
876.0,1.4583
877.0,1.4583
878.0,1.4583
879.0,1.4583
880.0,1.4583
881.0,1.5336
882.0,1.6667
883.0,1.6667
884.0,1.7177
885.0,1.875
886.0,1.875
887.0,1.875
888.0,1.8938
889.0,2.0833
890.0,2.0833
891.0,2.0833
892.0,2.0833
893.0,2.2701
894.0,2.2917
895.0,2.2917
896.0,2.2917
897.0,2.1372
898.0,2.0833
899.0,1.9451
900.0,1.7448
901.0,1.5445
902.0,1.3443
903.0,1.144
904.0,1.0417
905.0,0.9518
906.0,0.8333
907.0,0.7596
908.0,0.625
909.0,0.625
910.0,0.625
911.0,0.625
912.0,0.625
913.0,0.625
914.0,0.625
915.0,0.625
916.0,0.625
917.0,0.625
918.0,0.4318
919.0,0.4167
920.0,0.4167
921.0,0.5857
922.0,0.625
923.0,0.625
924.0,0.4802
925.0,0.4167
926.0,0.4167
927.0,0.5372
928.0,0.5125
929.0,0.4167
930.0,0.4167
931.0,0.4167
932.0,0.4167
933.0,0.4167
934.0,0.4167
935.0,0.4167
936.0,0.4167
937.0,0.4167
938.0,0.4167
939.0,0.4167
940.0,0.4167
941.0,0.4242
942.0,0.6245
943.0,0.4253
944.0,0.4167
945.0,0.4167
946.0,0.4167
947.0,0.4167
948.0,0.4167
949.0,0.4167
950.0,0.5599
951.0,0.625
952.0,0.4979
953.0,0.4167
954.0,0.4167
955.0,0.4167
956.0,0.4167
957.0,0.5034
958.0,0.625
959.0,0.625
960.0,0.625
961.0,0.625
962.0,0.625
963.0,0.625
964.0,0.625
965.0,0.625
966.0,0.625
967.0,0.625
968.0,0.625
969.0,0.625
970.0,0.625
971.0,0.625
972.0,0.625
973.0,0.625
974.0,0.625
975.0,0.625
976.0,0.625
977.0,0.625
978.0,0.625
979.0,0.625
980.0,0.625
981.0,0.625
982.0,0.625
983.0,0.625
984.0,0.625
985.0,0.625
986.0,0.625
987.0,0.625
988.0,0.625
989.0,0.625
990.0,0.625
991.0,0.625
992.0,0.625
993.0,0.625
994.0,0.625
995.0,0.625
996.0,0.625
997.0,0.625
998.0,0.625
999.0,0.625
1000.0,0.625
1001.0,0.625
1002.0,0.625
1003.0,0.493
1004.0,0.4167
1005.0,0.4167
1006.0,0.5245
1007.0,0.625
1008.0,0.5333
1009.0,0.4167
1010.0,0.4167
1011.0,0.4841
1012.0,0.625
1013.0,0.5737
1014.0,0.4167
1015.0,0.4167
1016.0,0.4167
1017.0,0.4357
1018.0,0.625
1019.0,0.6221
1020.0,0.4219
1021.0,0.4167
1022.0,0.4167
1023.0,0.4167
1024.0,0.5875
1025.0,0.625
1026.0,0.4703
1027.0,0.4167
1028.0,0.4167
1029.0,0.4167
1030.0,0.5391
1031.0,0.625
1032.0,0.625
1033.0,0.625
1034.0,0.5349
1035.0,0.4167
1036.0,0.4906
1037.0,0.625
1038.0,0.625
1039.0,0.625
1040.0,0.625
1041.0,0.5914
1042.0,0.4422
1043.0,0.625
1044.0,0.625
1045.0,0.625
1046.0,0.625
1047.0,0.625
1048.0,0.625
1049.0,0.625
1050.0,0.625
1051.0,0.625
1052.0,0.625
1053.0,0.625
1054.0,0.625
1055.0,0.625
1056.0,0.625
1057.0,0.625
1058.0,0.625
1059.0,0.625
1060.0,0.625
1061.0,0.625
1062.0,0.625
1063.0,0.625
1064.0,0.625
1065.0,0.6732
1066.0,0.8333
1067.0,0.8333
1068.0,0.8333
1069.0,0.8333
1070.0,0.8333
1071.0,0.8333
1072.0,0.8333
1073.0,1.0253
1074.0,1.0417
1075.0,1.0417
1076.0,1.0417
1077.0,1.0417
1078.0,1.1932
1079.0,1.25
1080.0,1.25
1081.0,1.25
1082.0,1.3693
1083.0,1.4583
1084.0,1.4583
1085.0,1.4583
1086.0,1.4583
1087.0,1.4583
1088.0,1.4583
1089.0,1.4583
1090.0,1.513
1091.0,1.6667
1092.0,1.6667
1093.0,1.6667
1094.0,1.6443
1095.0,1.4583
1096.0,1.4583
1097.0,1.4583
1098.0,1.4583
1099.0,1.4583
1100.0,1.4583
1101.0,1.4583
1102.0,1.4583
1103.0,1.4583
1104.0,1.4583
1105.0,1.4583
1106.0,1.4583
1107.0,1.3326
1108.0,1.25
1109.0,1.25
1110.0,1.25
1111.0,1.25
1112.0,1.3354
1113.0,1.4583
1114.0,1.4583
1115.0,1.4583
1116.0,1.4583
1117.0,1.4583
1118.0,1.4583
1119.0,1.4583
1120.0,1.4583
1121.0,1.4711
1122.0,1.6667
1123.0,1.6667
1124.0,1.6667
1125.0,1.6667
1126.0,1.6667
1127.0,1.8393
1128.0,1.875
1129.0,1.875
1130.0,2.0234
1131.0,2.0833
1132.0,2.2156
1133.0,2.2917
1134.0,2.2917
1135.0,2.3997
1136.0,2.6
1137.0,2.8003
1138.0,3.0005
1139.0,3.2008
1140.0,3.401
1141.0,3.6013
1142.0,3.8531
1143.0,4.2536
1144.0,4.6542
1145.0,5.082
1146.0,5.6828
1147.0,6.2836
1148.0,6.8875
1149.0,7.6885
1150.0,8.4896
1151.0,9.4779
1152.0,10.8375
1153.0,12.2393
1154.0,13.8042
1155.0,15.5612
1156.0,17.3635
1157.0,19.1659
1158.0,21.7526
1159.0,24.6339
1160.0,27.4375
1161.0,30.4542
1162.0,33.6583
1163.0,36.8625
1164.0,40.4781
1165.0,44.3125
1166.0,47.4505
1167.0,50.3964
1168.0,53.15
1169.0,55.7953
1170.0,58.4297
1171.0,60.1547
1172.0,61.3385
1173.0,62.3109
1174.0,62.7099
1175.0,62.9102
1176.0,62.9167
1177.0,62.9167
1178.0,62.7391
1179.0,62.1997
1180.0,61.4375
1181.0,60.3297
1182.0,58.9828
1183.0,57.581
1184.0,56.05
1185.0,54.2057
1186.0,52.4292
1187.0,51.037
1188.0,49.8354
1189.0,48.7227
1190.0,47.7214
1191.0,46.6474
1192.0,45.6396
1193.0,45.0953
1194.0,44.7432
1195.0,44.6237
1196.0,44.8563
1197.0,45.2326
1198.0,45.4167
1199.0,44.5283
1200.0,44.2917
