wavelength_nm,qe_pct
400.0,7.2766
401.0,6.9703
402.0,7.0801
403.0,6.9703
404.0,6.909
405.0,6.6957
406.0,6.4824
407.0,6.269
408.0,6.1782
409.0,6.0008
410.0,5.7875
411.0,5.5741
412.0,5.5192
413.0,5.3059
414.0,5.2277
415.0,5.0376
416.0,4.8243
417.0,4.7525
418.0,4.556
419.0,4.4356
420.0,4.2878
421.0,4.2329
422.0,4.0195
423.0,3.9604
424.0,3.9097
425.0,3.802
426.0,3.6436
427.0,3.5865
428.0,3.4851
429.0,3.4767
430.0,3.3267
431.0,3.3267
432.0,3.1683
433.0,3.1683
434.0,3.0437
435.0,3.0099
436.0,2.9339
437.0,2.8515
438.0,2.8515
439.0,2.7691
440.0,2.6931
441.0,2.6931
442.0,2.6931
443.0,2.5494
444.0,2.5347
445.0,2.5347
446.0,2.5347
447.0,2.3762
448.0,2.3762
449.0,2.3762
450.0,2.3234
451.0,2.2178
452.0,2.2178
453.0,2.2178
454.0,2.2178
455.0,2.2178
456.0,2.2178
457.0,2.2178
458.0,2.2009
459.0,2.0594
460.0,2.0594
461.0,2.0594
462.0,2.0594
463.0,2.0594
464.0,2.2178
465.0,2.2178
466.0,2.2178
467.0,2.2178
468.0,2.2178
469.0,2.2178
470.0,2.2178
471.0,2.2178
472.0,2.2178
473.0,2.2178
474.0,2.2178
475.0,2.2178
476.0,2.3762
477.0,2.3762
478.0,2.3762
479.0,2.3762
480.0,2.3762
481.0,2.3762
482.0,2.3762
483.0,2.3762
484.0,2.3762
485.0,2.3762
486.0,2.3762
487.0,2.3762
488.0,2.3762
489.0,2.3762
490.0,2.3762
491.0,2.3762
492.0,2.5178
493.0,2.5347
494.0,2.5347
495.0,2.5347
496.0,2.5347
497.0,2.5347
498.0,2.5347
499.0,2.6931
500.0,2.6931
501.0,2.6952
502.0,2.8515
503.0,2.8515
504.0,3.0099
505.0,3.0733
506.0,3.1683
507.0,3.3267
508.0,3.3964
509.0,3.4851
510.0,3.6436
511.0,3.7196
512.0,3.9329
513.0,3.9879
514.0,4.1188
515.0,4.2561
516.0,4.311
517.0,4.4356
518.0,4.5793
519.0,4.6342
520.0,4.7525
521.0,4.9024
522.0,4.9574
523.0,5.0693
524.0,5.0693
525.0,5.1221
526.0,5.2277
527.0,5.2277
528.0,5.2277
529.0,5.2277
530.0,5.2172
531.0,5.0693
532.0,5.0693
533.0,5.0524
534.0,4.9109
535.0,4.9109
536.0,4.7525
537.0,4.6743
538.0,4.5941
539.0,4.4356
540.0,4.3512
541.0,4.2772
542.0,4.1188
543.0,4.028
544.0,3.9604
545.0,3.802
546.0,3.7048
547.0,3.6436
548.0,3.595
549.0,3.4851
550.0,3.4851
551.0,3.3267
552.0,3.3267
553.0,3.3267
554.0,3.3267
555.0,3.3267
556.0,3.3267
557.0,3.3943
558.0,3.4851
559.0,3.6626
560.0,3.9498
561.0,4.3765
562.0,4.6701
563.0,5.3904
564.0,6.1085
565.0,6.8119
566.0,7.8785
567.0,8.8037
568.0,10.2083
569.0,11.4883
570.0,13.064
571.0,14.701
572.0,16.5365
573.0,18.4924
574.0,20.4673
575.0,22.495
576.0,24.7319
577.0,26.823
578.0,29.0471
579.0,31.4677
580.0,33.901
581.0,36.2709
582.0,38.5141
583.0,40.865
584.0,42.785
585.0,45.1802
586.0,47.0242
587.0,48.9927
588.0,50.8092
589.0,52.6954
590.0,54.0515
591.0,55.6145
592.0,56.8586
593.0,57.9211
594.0,58.9328
595.0,59.7861
596.0,60.4895
597.0,61.083
598.0,61.5097
599.0,62.0927
600.0,62.363
601.0,62.682
602.0,62.7369
603.0,62.9502
604.0,63.0495
605.0,63.2079
606.0,63.2079
607.0,63.2079
608.0,63.2079
609.0,63.1361
610.0,63.0495
611.0,63.0263
612.0,62.8911
613.0,62.758
614.0,62.7031
615.0,62.5743
616.0,62.4349
617.0,62.3799
618.0,62.2574
619.0,62.1117
620.0,62.0568
621.0,61.9406
622.0,61.7885
623.0,61.5752
624.0,61.4653
625.0,61.3069
626.0,61.0936
627.0,60.8803
628.0,60.6733
629.0,60.612
630.0,60.3987
631.0,60.1853
632.0,59.972
633.0,59.8812
634.0,59.7038
635.0,59.4904
636.0,59.2771
637.0,59.2222
638.0,59.0088
639.0,58.9307
640.0,58.7406
641.0,58.6139
642.0,58.4723
643.0,58.297
644.0,58.2041
645.0,57.9908
646.0,57.8218
647.0,57.7225
648.0,57.5092
649.0,57.3465
650.0,57.2409
651.0,57.0276
652.0,56.8143
653.0,56.6009
654.0,56.3876
655.0,56.1743
656.0,55.9609
657.0,55.7328
658.0,55.3758
659.0,55.0379
660.0,54.7696
661.0,54.343
662.0,53.9163
663.0,53.6481
664.0,53.2214
665.0,52.7947
666.0,52.5265
667.0,52.0998
668.0,51.8168
669.0,51.445
670.0,51.1366
671.0,50.71
672.0,50.4417
673.0,50.1164
674.0,49.7468
675.0,49.4785
676.0,49.1596
677.0,48.7879
678.0,48.5154
679.0,48.2028
680.0,47.831
681.0,47.5522
682.0,47.2459
683.0,46.8742
684.0,46.6609
685.0,46.4475
686.0,46.0758
687.0,45.8624
688.0,45.516
689.0,45.2774
690.0,45.064
691.0,44.8507
692.0,44.6374
693.0,44.424
694.0,44.2107
695.0,43.9974
696.0,43.8812
697.0,43.7291
698.0,43.5644
699.0,43.5644
700.0,43.4059
701.0,43.4059
702.0,43.4059
703.0,43.4059
704.0,43.4059
705.0,43.4059
706.0,43.4186
707.0,43.5644
708.0,43.5644
709.0,43.5644
710.0,43.6383
711.0,43.7228
712.0,43.7228
713.0,43.7228
714.0,43.7228
715.0,43.7228
716.0,43.7228
717.0,43.7228
718.0,43.7228
719.0,43.6298
720.0,43.5644
721.0,43.5644
722.0,43.4651
723.0,43.4059
724.0,43.2475
725.0,43.2475
726.0,43.0891
727.0,43.0321
728.0,42.9307
729.0,42.7723
730.0,42.7723
731.0,42.654
732.0,42.6139
733.0,42.5442
734.0,42.4554
735.0,42.4343
736.0,42.297
737.0,42.297
738.0,42.2696
739.0,42.1386
740.0,42.0013
741.0,41.9802
742.0,41.8915
743.0,41.8218
744.0,41.6232
745.0,41.505
746.0,41.355
747.0,41.1881
748.0,41.0867
749.0,40.8734
750.0,40.6073
751.0,40.2883
752.0,40.075
753.0,39.8617
754.0,39.5343
755.0,39.266
756.0,38.9048
757.0,38.5711
758.0,38.3028
759.0,37.948
760.0,37.6079
761.0,37.3397
762.0,36.9912
763.0,36.6448
764.0,36.3765
765.0,36.0343
766.0,35.8453
767.0,35.6692
768.0,35.4932
769.0,35.3171
770.0,35.141
771.0,34.9649
772.0,34.7888
773.0,34.6127
774.0,34.4367
775.0,34.2606
776.0,34.0845
777.0,33.9084
778.0,33.7323
779.0,33.5562
780.0,33.3801
781.0,33.2041
782.0,33.028
783.0,32.8519
784.0,32.6758
785.0,32.4997
786.0,32.3236
787.0,32.1476
788.0,31.9715
789.0,31.7954
790.0,31.6193
791.0,31.4432
792.0,31.2671
793.0,31.091
794.0,30.915
795.0,30.7389
796.0,30.5628
797.0,30.3867
798.0,30.2106
799.0,30.0345
800.0,29.8585
801.0,29.6824
802.0,29.5063
803.0,29.3302
804.0,29.1541
805.0,28.978
806.0,28.8019
807.0,28.6259
808.0,28.4498
809.0,28.2737
810.0,28.0976
811.0,27.9215
812.0,27.7454
813.0,27.5369
814.0,27.3236
815.0,27.2475
816.0,27.0553
817.0,26.842
818.0,26.6286
819.0,26.4153
820.0,26.297
821.0,26.1471
822.0,25.9337
823.0,25.7204
824.0,25.5071
825.0,25.3465
826.0,25.2388
827.0,25.0255
828.0,24.8713
829.0,24.7572
830.0,24.5439
831.0,24.3306
832.0,24.1172
833.0,23.9208
834.0,23.849
835.0,23.6356
836.0,23.4223
837.0,23.209
838.0,22.9956
839.0,22.7823
840.0,22.569
841.0,22.3556
842.0,22.1423
843.0,21.929
844.0,21.7156
845.0,21.5023
846.0,21.289
847.0,21.0756
848.0,20.8623
849.0,20.649
850.0,20.4356
851.0,20.2223
852.0,20.009
853.0,19.7956
854.0,19.6436
855.0,19.4112
856.0,19.3141
857.0,19.1007
858.0,18.8874
859.0,18.6741
860.0,18.5347
861.0,18.4058
862.0,18.2178
863.0,18.1376
864.0,17.9242
865.0,17.8693
866.0,17.7426
867.0,17.6011
868.0,17.5461
869.0,17.4257
870.0,17.2779
871.0,17.2673
872.0,17.1681
873.0,17.1089
874.0,16.9505
875.0,16.8449
876.0,16.79
877.0,16.6337
878.0,16.5217
879.0,16.4668
880.0,16.2535
881.0,16.1584
882.0,16.0
883.0,15.9303
884.0,15.717
885.0,15.662
886.0,15.4487
887.0,15.2354
888.0,15.1805
889.0,14.9671
890.0,14.8911
891.0,14.6989
892.0,14.4855
893.0,14.2722
894.0,14.2173
895.0,14.004
896.0,13.7906
897.0,13.5773
898.0,13.364
899.0,13.3069
900.0,13.0957
901.0,12.8824
902.0,12.6733
903.0,12.6141
904.0,12.4008
905.0,12.198
906.0,12.1325
907.0,11.9192
908.0,11.8643
909.0,11.7228
910.0,11.596
911.0,11.5411
912.0,11.3278
913.0,11.2475
914.0,11.0891
915.0,11.0046
916.0,10.9307
917.0,10.7723
918.0,10.6815
919.0,10.6139
920.0,10.4554
921.0,10.3583
922.0,10.297
923.0,10.1386
924.0,10.0351
925.0,9.9802
926.0,9.9253
927.0,9.8218
928.0,9.6634
929.0,9.6021
930.0,9.505
931.0,9.3465
932.0,9.2789
933.0,9.1881
934.0,9.0297
935.0,8.9558
936.0,8.8713
937.0,8.7129
938.0,8.6326
939.0,8.5545
940.0,8.396
941.0,8.3094
942.0,8.0961
943.0,8.0412
944.0,7.9208
945.0,7.7729
946.0,7.718
947.0,7.604
948.0,7.4498
949.0,7.3949
950.0,7.2871
951.0,7.1266
952.0,6.9703
953.0,6.8583
954.0,6.8034
955.0,6.6535
956.0,6.5352
957.0,6.4803
958.0,6.3366
959.0,6.212
960.0,6.1571
961.0,6.0198
962.0,5.8888
963.0,5.8339
964.0,5.703
965.0,5.703
966.0,5.5446
967.0,5.4558
968.0,5.3861
969.0,5.346
970.0,5.2277
971.0,5.2277
972.0,5.0693
973.0,5.0693
974.0,4.913
975.0,4.9109
976.0,4.9109
977.0,4.7525
978.0,4.7525
979.0,4.6384
980.0,4.5941
981.0,4.5941
982.0,4.4737
983.0,4.4356
984.0,4.4356
985.0,4.3089
986.0,4.2772
987.0,4.2772
988.0,4.1442
989.0,4.1188
990.0,4.1188
991.0,4.1188
992.0,3.9604
993.0,3.9604
994.0,3.8147
995.0,3.802
996.0,3.7048
997.0,3.6436
998.0,3.595
999.0,3.5031
1000.0,3.4333
